{
  "pitch": {
    "recommended": {
      "kp": 0.46597283997598243,
      "ki": 21.854897377989396,
      "kd": 0.0
    },
    "safe_first_flight": {
      "kp": 0.30288234598438857,
      "ki": 14.205683295693108,
      "kd": 0.0
    },
    "plant": {
      "gain": 28.311662141046295,
      "tau_s": 19.9989999833325,
      "delay_steps": 25,
      "fit_r2": 0.9995761939778993
    },
    "notes": []
  },
  "roll": {
    "recommended": {
      "kp": 199.97565850611903,
      "ki": 0.013299470466378215,
      "kd": 199.99307161307465
    },
    "safe_first_flight": {
      "kp": 129.98417802897737,
      "ki": 0.008644655803145839,
      "kd": 129.99549654849852
    },
    "plant": {
      "gain": -0.017250304880998536,
      "tau_s": 7.639644773042826,
      "delay_steps": 25,
      "fit_r2": 0.9994020354102057
    },
    "notes": []
  },
  "yaw": {
    "recommended": {
      "kp": 119.19780683607448,
      "ki": 146.82970670027947,
      "kd": 135.74887728110878
    },
    "safe_first_flight": {
      "kp": 77.47857444344841,
      "ki": 95.43930935518166,
      "kd": 88.2367702327207
    },
    "plant": {
      "gain": -0.38167147305675725,
      "tau_s": 0.5939515016627339,
      "delay_steps": 0,
      "fit_r2": 0.9999952047631828
    },
    "notes": []
  }
}